id,first_name,last_name,email,gender,salary,currency_code
1,Beverlee,Kirsop,bkirsop0@over-blog.com,Female,3915.3797,AFN
2,Maxy,Redmell,mredmell1@istockphoto.com,Non-binary,13626.9687,EUR
3,Janifer,Gallacher,jgallacher2@pinterest.com,Female,9755.4547,NIO
4,Allan,Dowry,adowry3@java.com,Male,3784.6026,RUB
5,Ransell,Billin,rbillin4@nyu.edu,Male,3618.4467,RUB
6,Myra,MacDiarmond,mmacdiarmond5@webmd.com,Female,13597.0385,CNY
7,Brena,Regitz,bregitz6@cbsnews.com,Female,11193.8008,RUB
8,Fidole,Bannell,fbannell7@a8.net,Male,7072.515,EUR
9,Giulietta,Bynert,gbynert8@craigslist.org,Female,14666.3129,CZK
10,Philippa,Godspede,pgodspede9@mac.com,Female,10259.7874,PAB
11,Marge,Hustler,mhustlera@admin.ch,Female,11449.488,MAD
12,Alexa,Hasslocher,ahasslocherb@a8.net,Genderfluid,8470.7791,THB
13,Gannie,Maffeo,gmaffeoc@last.fm,Bigender,6326.2429,XCD
14,Bendix,Levick,blevickd@omniture.com,Male,7344.8734,EUR
15,Culver,Pugsley,cpugsleye@infoseek.co.jp,Male,6911.9565,CNY
16,Valene,Drake,vdrakef@newsvine.com,Female,10104.759,PLN
17,Teirtza,Gibbings,tgibbingsg@buzzfeed.com,Female,8438.0677,CNY
18,Loleta,Sartin,lsartinh@constantcontact.com,Female,2821.5714,CNY
19,Myles,Lorenzin,mlorenzini@surveymonkey.com,Male,13866.5687,IRR
20,Damara,Bredee,dbredeej@sakura.ne.jp,Female,18280.2556,ARS
21,Frannie,Tynewell,ftynewellk@hhs.gov,Male,5503.8079,GBP
22,Tammie,Hartgill,thartgilll@homestead.com,Female,4362.2776,SEK
23,Yetta,Dewire,ydewirem@indiegogo.com,Female,11702.6451,CNY
24,Murdock,Weafer,mweafern@sogou.com,Male,6387.2527,CNY
25,Carlye,Coleiro,ccoleiroo@canalblog.com,Female,18928.7777,IDR
26,Glennie,Wildish,gwildishp@goo.gl,Female,3789.9741,XOF
27,Maighdiln,O'Heffernan,moheffernanq@answers.com,Female,6584.8899,EUR
28,Fields,Maisey,fmaiseyr@cbc.ca,Male,19048.429,CNY
29,Claudia,Sawle,csawles@domainmarket.com,Female,18886.0223,RUB
30,Minna,Guinness,mguinnesst@amazonaws.com,Bigender,18234.3918,CNY
31,Bibbye,Hustings,bhustingsu@studiopress.com,Bigender,15790.829,RUB
32,Diandra,Owers,dowersv@seesaa.net,Female,3116.3639,CNY
33,Mauricio,Bonus,mbonusw@meetup.com,Male,14142.9389,RUB
34,Toby,Nettles,tnettlesx@ucsd.edu,Male,2541.2898,GHS
35,Effie,Rowena,erowenay@vk.com,Female,5232.4485,EUR
36,Kitti,Pulham,kpulhamz@fc2.com,Female,9202.6465,CNY
37,Karrah,Emnoney,kemnoney10@sun.com,Female,7879.2322,CNY
38,Marleah,Olivari,molivari11@wired.com,Female,7284.2806,CNY
39,Winona,Stichall,wstichall12@liveinternet.ru,Female,3048.168,PHP
40,Cassie,Gornar,cgornar13@theguardian.com,Male,4866.4563,EUR
41,Adella,McGaugan,amcgaugan14@merriam-webster.com,Female,15405.5683,YER
42,Drake,Leonardi,dleonardi15@earthlink.net,Male,13322.4592,PHP
43,Vidovic,Thickens,vthickens16@tinyurl.com,Agender,18137.3769,CNY
44,Ash,Pressman,apressman17@jigsy.com,Male,5014.4843,YER
45,Alysa,Halliwell,ahalliwell18@behance.net,Female,4294.0476,UAH
46,Emilee,Hawkings,ehawkings19@si.edu,Female,9299.9841,EUR
47,Lorna,Clissold,lclissold1a@fotki.com,Female,12961.0021,HRK
48,Claudelle,Wingate,cwingate1b@discuz.net,Female,8819.1272,RUB
49,Augustus,Renish,arenish1c@cnn.com,Male,11864.4238,IDR
50,Launce,Briars,lbriars1d@slate.com,Male,3422.5387,CNY
51,Jose,Klezmski,jklezmski1e@meetup.com,Male,13308.3595,CNY
52,Lek,Taw,ltaw1f@indiegogo.com,Male,14199.3828,RUB
53,Hermia,Petrou,hpetrou1g@alexa.com,Female,11343.8211,KRW
54,Wallace,Chipperfield,wchipperfield1h@sakura.ne.jp,Non-binary,18202.9113,NGN
55,Vassili,Boc,vboc1i@webeden.co.uk,Male,12354.1537,MXN
56,Tess,Worms,tworms1j@eventbrite.com,Female,11149.217,UAH
57,Burg,Leatherbarrow,bleatherbarrow1k@disqus.com,Male,4117.0154,MYR
58,Orin,Oldknowe,ooldknowe1l@sakura.ne.jp,Male,17148.685,PHP
59,Flin,Gabbitis,fgabbitis1m@feedburner.com,Male,15237.5146,DOP
60,Glori,Shakesbye,gshakesbye1n@theguardian.com,Female,7471.5315,PHP
61,Guillaume,Axelby,gaxelby1o@weibo.com,Agender,3113.9868,VND
62,Coleman,Peskett,cpeskett1p@ox.ac.uk,Male,19192.1136,MXN
63,Audre,Balsillie,abalsillie1q@hatena.ne.jp,Non-binary,11380.2766,RUB
64,Allegra,Boyce,aboyce1r@earthlink.net,Female,17915.3499,EUR
65,Jewelle,Fidal,jfidal1s@youtube.com,Non-binary,17593.6796,SEK
66,Brigitte,Kennermann,bkennermann1t@multiply.com,Female,15176.5795,CAD
67,Jazmin,Bim,jbim1u@dropbox.com,Female,11649.1524,CNY
68,Cal,Brandom,cbrandom1v@accuweather.com,Male,3600.4458,XOF
69,Almire,Gilfoy,agilfoy1w@independent.co.uk,Female,17215.5374,SEK
70,Idaline,Burbudge,iburbudge1x@sogou.com,Female,18190.0758,BRL
71,Domingo,Madgin,dmadgin1y@unicef.org,Male,13637.5436,CNY
72,Kenton,Meere,kmeere1z@howstuffworks.com,Male,9351.996,CNY
73,Brock,Feehery,bfeehery20@epa.gov,Male,8329.5211,CRC
74,Roselin,Pott,rpott21@hhs.gov,Female,15641.0214,CNY
75,Myrilla,Tenwick,mtenwick22@networkadvertising.org,Female,17755.311,TZS
76,Raymund,Ramet,rramet23@pcworld.com,Male,10780.0454,SEK
77,Goldie,Wallbridge,gwallbridge24@webs.com,Female,2017.7786,USD
78,Rosemary,Bilsborrow,rbilsborrow25@ebay.co.uk,Female,13806.5342,CNY
79,Deeyn,Avramovsky,davramovsky26@exblog.jp,Female,5887.5527,XAF
80,Salaidh,Snoxell,ssnoxell27@blogspot.com,Agender,3691.6849,CZK
81,Alec,Tremble,atremble28@topsy.com,Male,17600.494,EUR
82,Darrelle,de Marco,ddemarco29@wikispaces.com,Female,7772.844,GEL
83,Hildy,Sansun,hsansun2a@facebook.com,Female,9016.7808,JPY
84,Pamelina,Greader,pgreader2b@technorati.com,Female,8874.1036,EUR
85,Teodor,Farron,tfarron2c@gizmodo.com,Male,9769.623,AFN
86,Andy,Mogridge,amogridge2d@imageshack.us,Male,3725.2713,CNY
87,Sinclare,Roddick,sroddick2e@bravesites.com,Male,16914.1882,PLN
88,Darius,Straughan,dstraughan2f@google.es,Male,13731.7365,PLN
89,Larisa,Simioli,lsimioli2g@gizmodo.com,Female,14865.2039,IDR
90,Mirna,Geall,mgeall2h@xing.com,Female,11356.5661,CNY
91,Fons,Longstaff,flongstaff2i@booking.com,Male,15678.7945,PLN
92,Albina,Fey,afey2j@lulu.com,Female,8523.0237,PLN
93,Melvyn,Ipplett,mipplett2k@kickstarter.com,Male,2561.7397,IDR
94,Hube,Bloomer,hbloomer2l@apache.org,Male,15681.0863,RUB
95,Hailey,Asmus,hasmus2m@xrea.com,Male,4115.5393,IDR
96,Fern,Whenham,fwhenham2n@addthis.com,Female,4777.8535,RUB
97,Kizzee,Figliovanni,kfigliovanni2o@abc.net.au,Female,12039.1859,PHP
98,Ammamaria,Upex,aupex2p@hexun.com,Female,8044.7817,CNY
99,Anselm,Jennrich,ajennrich2q@paypal.com,Male,17051.7538,RUB
100,Almeria,Offer,aoffer2r@aol.com,Female,12573.9976,PHP
101,Yvonne,Whittick,ywhittick2s@wix.com,Female,9973.0727,EUR
102,Verena,Kybert,vkybert2t@desdev.cn,Female,11737.8183,MMK
103,Tobe,Hawtry,thawtry2u@a8.net,Male,2429.7493,THB
104,Griz,Knight,gknight2v@digg.com,Male,5708.5853,CNY
105,Cirilo,Strutt,cstrutt2w@photobucket.com,Male,16091.3644,EUR
106,Natty,Papworth,npapworth2x@theglobeandmail.com,Male,3234.4136,PHP
107,Pat,Offin,poffin2y@google.com.au,Male,10628.3952,SSP
108,Pace,Linkleter,plinkleter2z@vk.com,Male,13486.5937,EUR
109,Renata,Pirdy,rpirdy30@telegraph.co.uk,Female,10315.0544,SEK
110,Shara,Barks,sbarks31@deviantart.com,Female,17538.7845,CZK
111,Randolf,Coonihan,rcoonihan32@house.gov,Male,16154.1961,EUR
112,Rozelle,Batho,rbatho33@mediafire.com,Female,10453.9715,EUR
113,Quentin,Romans,qromans34@cbsnews.com,Male,18144.9939,JPY
114,Vaughn,Storrier,vstorrier35@hud.gov,Male,12302.4594,GHS
115,Mal,Cuseck,mcuseck36@bravesites.com,Male,14963.9149,AUD
116,Fayina,Scorey,fscorey37@google.com.hk,Female,11210.5428,IDR
117,Clarence,Goodlip,cgoodlip38@umn.edu,Male,8102.1022,CNY
118,Nedi,Lanaway,nlanaway39@deviantart.com,Female,14880.0634,EUR
119,Frannie,Grigoriev,fgrigoriev3a@posterous.com,Male,10719.0382,YER
120,Caesar,Fantini,cfantini3b@cyberchimps.com,Male,9834.614,CNY
121,Linda,Glowinski,lglowinski3c@sfgate.com,Female,12516.119,THB
122,Elinor,Schubart,eschubart3d@webeden.co.uk,Genderqueer,5640.1572,XOF
123,Norrie,MacNeely,nmacneely3e@patch.com,Male,14785.3268,EUR
124,Daryl,Bavin,dbavin3f@imdb.com,Female,16676.1316,UAH
125,Kimberley,Pace,kpace3g@whitehouse.gov,Female,7906.6077,JPY
126,Querida,McPhate,qmcphate3h@angelfire.com,Female,4650.0276,IDR
127,Townsend,Barenskie,tbarenskie3i@multiply.com,Male,9803.7124,CAD
128,Freddy,Pudner,fpudner3j@statcounter.com,Male,19826.5302,EUR
129,Austin,Tuffell,atuffell3k@parallels.com,Male,18615.7824,PLN
130,Juan,Mattys,jmattys3l@unicef.org,Male,12186.8361,IDR
131,Bob,Adrienne,badrienne3m@ihg.com,Male,7508.2996,USD
132,Dulci,Gewer,dgewer3n@microsoft.com,Agender,3498.0939,IDR
133,Chev,Fynan,cfynan3o@jigsy.com,Male,6775.6334,EUR
134,Prentice,MacKibbon,pmackibbon3p@scientificamerican.com,Male,16623.5821,IDR
135,Weber,Mattisssen,wmattisssen3q@nps.gov,Male,15528.9552,CNY
136,Jamil,Spoure,jspoure3r@kickstarter.com,Male,4644.897,RSD
137,Kayne,Biford,kbiford3s@nyu.edu,Male,14319.9798,CNY
138,Arvie,Wyatt,awyatt3t@dmoz.org,Male,10261.8567,IDR
139,Dana,Sheilds,dsheilds3u@senate.gov,Female,15411.6007,IRR
140,Chloette,Kobsch,ckobsch3v@blogtalkradio.com,Female,18715.0122,CNY
141,Alysia,Lindblad,alindblad3w@senate.gov,Female,18702.5807,EUR
142,Hali,Pecha,hpecha3x@harvard.edu,Female,3613.07,HNL
143,Normie,Juste,njuste3y@ox.ac.uk,Male,9047.4618,PKR
144,Foster,Dowthwaite,fdowthwaite3z@tripadvisor.com,Male,11583.4227,CNY
145,Rivkah,Lesper,rlesper40@netscape.com,Female,8355.7803,EUR
146,Krishnah,Guierre,kguierre41@jigsy.com,Male,12241.1313,EUR
147,Noami,McBrearty,nmcbrearty42@hc360.com,Female,12361.6114,CNY
148,Iormina,Rapa,irapa43@reuters.com,Female,14607.9117,CZK
149,Wilden,Sugg,wsugg44@admin.ch,Male,9757.7267,CNY
150,Tracy,Ajam,tajam45@storify.com,Agender,15902.3613,IDR
151,Abrahan,O'Dowgaine,aodowgaine46@thetimes.co.uk,Male,3164.9538,CAD
152,Anjanette,Cornu,acornu47@storify.com,Female,9695.174,CNY
153,Rustie,Verlander,rverlander48@hp.com,Male,2888.1127,NGN
154,Brandy,Acreman,bacreman49@amazon.com,Male,18642.8091,EUR
155,Carie,Stuffins,cstuffins4a@amazon.de,Female,10077.1571,EUR
156,Collie,Jerson,cjerson4b@who.int,Female,2938.273,PLN
157,Fern,Kellegher,fkellegher4c@hc360.com,Female,19012.4999,IDR
158,Nikolaos,Annear,nannear4d@imdb.com,Male,9730.1744,RUB
159,Joyous,Fend,jfend4e@toplist.cz,Female,7319.1327,BRL
160,Merell,Borres,mborres4f@columbia.edu,Genderfluid,18338.1824,HNL
161,Rowney,Spalls,rspalls4g@artisteer.com,Male,8072.3922,PHP
162,Sylas,Bartul,sbartul4h@spiegel.de,Male,7853.155,VEF
163,Caprice,Huggan,chuggan4i@ca.gov,Female,17363.2727,CNY
164,Joel,Grane,jgrane4j@jalbum.net,Male,2265.3651,EUR
165,Johanna,Rapi,jrapi4k@auda.org.au,Female,2559.618,IDR
166,Auroora,Gramer,agramer4l@goo.gl,Female,6231.1483,BRL
167,Marcel,Ellison,mellison4m@reverbnation.com,Polygender,7104.6036,PEN
168,Dorothea,Barhem,dbarhem4n@phpbb.com,Bigender,15655.8676,ILS
169,Kara-lynn,Schruyers,kschruyers4o@oaic.gov.au,Female,15847.7399,RUB
170,Norry,MacGillacolm,nmacgillacolm4p@blogspot.com,Female,4263.7116,IDR
171,Catlaina,Magrane,cmagrane4q@businessweek.com,Female,18907.1177,CNY
172,Lida,Joao,ljoao4r@e-recht24.de,Female,5087.1806,SDG
173,Banky,Cavalier,bcavalier4s@dyndns.org,Genderqueer,15516.3288,EUR
174,Wiley,Maureen,wmaureen4t@bing.com,Male,9107.5352,IDR
175,Kiersten,Eakly,keakly4u@slate.com,Female,3801.3062,IDR
176,Bettina,Morley,bmorley4v@cafepress.com,Female,10370.405,PHP
177,Caty,Wilfling,cwilfling4w@squarespace.com,Female,2863.3937,EUR
178,Gaylord,Segrott,gsegrott4x@shop-pro.jp,Male,10478.8783,VEF
179,Jessica,Goghin,jgoghin4y@altervista.org,Female,7546.7377,CZK
180,Yoshiko,Tackett,ytackett4z@myspace.com,Female,15264.2327,UAH
181,Phyllys,Peniello,ppeniello50@dailymail.co.uk,Female,3075.6687,UAH
182,Elbert,Champneys,echampneys51@phoca.cz,Bigender,12140.8873,EUR
183,Constantine,Triggle,ctriggle52@netvibes.com,Male,4528.3226,UAH
184,Udall,Gaspar,ugaspar53@wordpress.com,Male,2165.7609,PHP
185,Tarra,Aberhart,taberhart54@miibeian.gov.cn,Female,19710.9023,EUR
186,Carmine,Lorrimer,clorrimer55@quantcast.com,Female,4925.616,THB
187,Peirce,Spraberry,pspraberry56@wikia.com,Male,8293.0234,CNY
188,Tonye,Sadgrove,tsadgrove57@oracle.com,Female,18491.4534,XAF
189,Lazare,Jirus,ljirus58@zimbio.com,Male,3559.1937,EUR
190,Ansel,Riall,ariall59@who.int,Male,12245.9044,EUR
191,Colas,Fairleigh,cfairleigh5a@last.fm,Male,10137.605,CNY
192,Brannon,Edgeon,bedgeon5b@google.fr,Genderqueer,5751.8715,SEK
193,Cirilo,Cholerton,ccholerton5c@scientificamerican.com,Male,19967.3158,IDR
194,Darb,Dankov,ddankov5d@chron.com,Female,8968.1709,RUB
195,Uriel,Frediani,ufrediani5e@lycos.com,Male,9925.6364,CNY
196,Nancy,Wyant,nwyant5f@marriott.com,Female,4304.408,CAD
197,Killy,Lancetter,klancetter5g@craigslist.org,Male,16691.4039,SEK
198,Uta,Medina,umedina5h@nationalgeographic.com,Female,2026.7238,ARS
199,Shirline,Columbine,scolumbine5i@deliciousdays.com,Female,11164.04,USD
200,Anthia,Gilhoolie,agilhoolie5j@instagram.com,Female,19051.2018,CNY
201,Collen,Dorr,cdorr5k@deviantart.com,Female,19769.8153,BRL
202,Curr,MacCartair,cmaccartair5l@elpais.com,Male,16572.5249,RUB
203,Ches,Nassie,cnassie5m@i2i.jp,Male,11319.3074,BYR
204,Sigismondo,Mulheron,smulheron5n@imgur.com,Male,15466.7197,MMK
205,Emlyn,Bockler,ebockler5o@cnet.com,Female,18593.9692,EUR
206,Alan,Sallery,asallery5p@nymag.com,Male,14565.4011,CNY
207,Andeee,Boaler,aboaler5q@e-recht24.de,Female,3826.1226,CNY
208,Alberto,Bradforth,abradforth5r@stumbleupon.com,Male,7985.9502,CNY
209,Raymond,Courtes,rcourtes5s@arstechnica.com,Male,6069.8675,COP
210,Catherina,Cozins,ccozins5t@rediff.com,Female,6314.6325,NGN
211,Aviva,Jannasch,ajannasch5u@cornell.edu,Female,16584.1155,NGN
212,Stewart,Novotne,snovotne5v@who.int,Genderfluid,11574.6142,COP
213,Reggy,Kalb,rkalb5w@amazon.de,Male,17411.1692,EUR
214,Joete,Ahrendsen,jahrendsen5x@senate.gov,Female,2651.2801,COP
215,Normie,Grinyakin,ngrinyakin5y@purevolume.com,Male,16858.0507,SYP
216,Saw,Barthelet,sbarthelet5z@comsenz.com,Male,4061.3069,USD
217,Adore,Loughlan,aloughlan60@flavors.me,Female,3951.9626,PKR
218,Marchelle,Pilgram,mpilgram61@vkontakte.ru,Bigender,4243.49,XOF
219,Jonell,Kingsnoad,jkingsnoad62@yahoo.co.jp,Polygender,15864.9758,PAB
220,Marian,Dugald,mdugald63@ox.ac.uk,Female,14510.9377,CNY
221,Cleopatra,Stork,cstork64@barnesandnoble.com,Female,13576.1067,CNY
222,Cam,Kinglesyd,ckinglesyd65@joomla.org,Female,16981.0089,IDR
223,Karalynn,Verner,kverner66@1688.com,Female,3222.0115,EUR
224,Valentia,Colling,vcolling67@ucoz.com,Genderqueer,14798.2685,IRR
225,Arabel,Moorhead,amoorhead68@vimeo.com,Female,2093.3335,EUR
226,Celine,Cliburn,ccliburn69@fda.gov,Female,14874.1963,JMD
227,Chrotoem,Shortall,cshortall6a@amazonaws.com,Male,4792.9446,JPY
228,Archer,Diss,adiss6b@i2i.jp,Male,16519.4567,CNY
229,Odey,Cozby,ocozby6c@google.ru,Male,19990.0964,CNY
230,Francklin,Culbard,fculbard6d@google.nl,Agender,19266.4763,NPR
231,Jemima,Linnock,jlinnock6e@time.com,Female,10028.4561,USD
232,Justinian,Swalwell,jswalwell6f@yellowpages.com,Male,15243.7607,BRL
233,Georgi,Clemits,gclemits6g@wikipedia.org,Male,16827.3416,EUR
234,Lesya,Conerding,lconerding6h@furl.net,Female,11688.0005,USD
235,Ashely,Essam,aessam6i@ameblo.jp,Female,16308.9699,EUR
236,Kelly,Stebles,kstebles6j@tuttocitta.it,Male,15027.2298,MYR
237,Konstanze,Benson,kbenson6k@ifeng.com,Female,19419.0466,USD
238,Barbee,Yaus,byaus6l@topsy.com,Female,14506.2934,BYR
239,Ryann,Bance,rbance6m@networksolutions.com,Female,14969.9391,CNY
240,Sharleen,Wesgate,swesgate6n@rediff.com,Bigender,16505.9943,PHP
241,Dolores,Toffolini,dtoffolini6o@google.de,Female,10996.2266,PLN
242,Sheelah,Charlwood,scharlwood6p@devhub.com,Female,11371.0038,CNY
243,Rachele,Polamontayne,rpolamontayne6q@hugedomains.com,Female,14648.8453,RUB
244,Gabriello,Ablitt,gablitt6r@unblog.fr,Male,15198.476,EUR
245,Teodoor,MacGaffey,tmacgaffey6s@wix.com,Male,4886.119,JPY
246,Blondelle,Antowski,bantowski6t@irs.gov,Female,18344.7271,CNY
247,Clemmie,Jouning,cjouning6u@chron.com,Female,18153.8986,EUR
248,Parsifal,Handsheart,phandsheart6v@jiathis.com,Male,17076.947,BAM
249,Ephraim,Grahamslaw,egrahamslaw6w@51.la,Male,11573.7782,EUR
250,Jesselyn,Dracksford,jdracksford6x@alibaba.com,Female,15965.3679,THB
251,Melvyn,Gurko,mgurko6y@vistaprint.com,Male,13774.0216,PHP
252,Jamaal,Scranney,jscranney6z@google.com.hk,Male,5755.2784,IDR
253,Dorie,Bulward,dbulward70@reverbnation.com,Female,6579.1439,RUB
254,Leena,Le Port,lleport71@paginegialle.it,Female,7326.4372,PKR
255,Cahra,Pietzke,cpietzke72@irs.gov,Female,9321.63,CNY
256,Blondelle,Griniov,bgriniov73@baidu.com,Female,12117.7835,PLN
257,Tracee,Grass,tgrass74@stumbleupon.com,Female,2848.8545,CNY
258,Delphine,Linner,dlinner75@wsj.com,Female,13252.8371,KES
259,Shanie,Thowless,sthowless76@cisco.com,Female,7340.7365,IDR
260,Laney,Ernshaw,lernshaw77@yelp.com,Female,16868.0896,PHP
261,Beth,Domotor,bdomotor78@sun.com,Female,8361.382,BRL
262,Alicea,Lovstrom,alovstrom79@buzzfeed.com,Female,14853.434,MZN
263,Monroe,Worsnip,mworsnip7a@house.gov,Male,16585.0417,ALL
264,Meredeth,Filer,mfiler7b@elegantthemes.com,Male,11491.959,ARS
265,Merilee,Dyka,mdyka7c@ca.gov,Female,3020.083,IDR
266,Lari,Steiner,lsteiner7d@google.com,Female,12603.8122,HRK
267,Corney,Goshawk,cgoshawk7e@taobao.com,Male,19625.3083,PLN
268,Ianthe,Titcom,ititcom7f@sakura.ne.jp,Female,7977.7532,GEL
269,Davis,Gelling,dgelling7g@e-recht24.de,Male,6956.2163,MGA
270,Paulita,Cammiemile,pcammiemile7h@bravesites.com,Female,3606.1107,IDR
271,Rasia,Mizzi,rmizzi7i@time.com,Genderqueer,15188.1763,BOB
272,Harlan,Dilkes,hdilkes7j@nydailynews.com,Male,16194.8422,EUR
273,Lou,Marzele,lmarzele7k@ask.com,Male,9565.2617,THB
274,Kacy,Leyes,kleyes7l@163.com,Female,6952.0951,CZK
275,Theresina,Tarpey,ttarpey7m@biblegateway.com,Female,12181.4856,SEK
276,Cheston,Geibel,cgeibel7n@ft.com,Male,7881.7099,EUR
277,Stacy,Le Noir,slenoir7o@scientificamerican.com,Male,19852.1804,AZN
278,Olenka,Chilton,ochilton7p@dyndns.org,Female,7950.5052,BRL
279,Claire,Kerridge,ckerridge7q@about.me,Male,13764.0647,USD
280,Lynelle,Morfey,lmorfey7r@odnoklassniki.ru,Female,7139.6233,RUB
281,Sheeree,Fludgate,sfludgate7s@symantec.com,Female,2742.6791,PEN
282,Cris,Sabban,csabban7t@sbwire.com,Male,9469.4113,JPY
283,Dianna,Fronks,dfronks7u@google.com,Female,4247.9617,CZK
284,Gianni,Kirvell,gkirvell7v@globo.com,Male,6817.8989,EUR
285,Ignatius,Botterell,ibotterell7w@creativecommons.org,Bigender,3331.0858,UGX
286,Alex,Rosenbusch,arosenbusch7x@delicious.com,Female,16792.4458,EUR
287,Bria,Gascone,bgascone7y@icq.com,Female,14235.0581,RUB
288,Hatti,Rosenwald,hrosenwald7z@weibo.com,Female,3489.0981,IDR
289,Trever,Closs,tcloss80@springer.com,Male,8222.0864,EUR
290,Clyde,Dmitriev,cdmitriev81@disqus.com,Male,4125.4821,CNY
291,Devinne,Pavelin,dpavelin82@nba.com,Female,16609.7486,CAD
292,Meris,Orton,morton83@cdbaby.com,Female,18660.0089,BRL
293,Codi,Sagg,csagg84@businessinsider.com,Female,15464.0258,NOK
294,Ulla,Blanning,ublanning85@issuu.com,Female,5575.7199,EUR
295,Karol,Yonge,kyonge86@mozilla.com,Female,11154.113,PLN
296,Lauretta,Marty,lmarty87@si.edu,Female,6558.2825,KES
297,Husein,Sandiland,hsandiland88@posterous.com,Male,5682.4439,PLN
298,Annice,Setch,asetch89@umich.edu,Female,6422.3441,CNY
299,Gwenore,MacGiffin,gmacgiffin8a@google.com.hk,Female,14619.8987,ARS
300,Cortney,Youson,cyouson8b@wikimedia.org,Genderfluid,9589.2865,IDR
301,Nahum,Duke,nduke8c@a8.net,Male,11299.1214,RUB
302,Piotr,Laird-Craig,plairdcraig8d@wisc.edu,Male,5303.703,IDR
303,Charla,Stoney,cstoney8e@ucla.edu,Female,8221.806,COP
304,Hastings,Suche,hsuche8f@intel.com,Male,14934.8933,LYD
305,Guthrie,Raimbauld,graimbauld8g@ameblo.jp,Male,18473.4831,HRK
306,Winona,McKeown,wmckeown8h@mediafire.com,Female,17176.9778,CNY
307,Iorgo,Eatttok,ieatttok8i@businessinsider.com,Polygender,3738.3317,EUR
308,Xerxes,Skiggs,xskiggs8j@weibo.com,Male,5452.6576,IDR
309,Oran,Callacher,ocallacher8k@who.int,Male,9260.889,EUR
310,Liana,Dumke,ldumke8l@vinaora.com,Female,11935.165,EUR
311,Hasheem,Spring,hspring8m@oakley.com,Agender,4255.0907,PEN
312,Brigida,Bennetts,bbennetts8n@hibu.com,Female,18116.1848,PHP
313,Hayley,Shervil,hshervil8o@ifeng.com,Female,12715.2366,IDR
314,Frederica,Quarton,fquarton8p@umich.edu,Female,13859.115,EUR
315,Ethan,Lapere,elapere8q@printfriendly.com,Male,14601.7143,RUB
316,Quinlan,Schooling,qschooling8r@php.net,Male,7083.5722,IDR
317,Calley,Clacson,cclacson8s@auda.org.au,Polygender,15177.5605,MYR
318,Florian,Mainds,fmainds8t@senate.gov,Male,16736.4064,CNY
319,Ailene,Blader,ablader8u@loc.gov,Female,9268.6785,SEK
320,Erny,Dugan,edugan8v@tamu.edu,Male,15807.7977,PLN
321,Wendell,Tomkiss,wtomkiss8w@latimes.com,Male,8250.6803,SEK
322,Sid,Bayles,sbayles8x@bloglines.com,Male,10534.8156,PHP
323,Ryley,Cupper,rcupper8y@cdbaby.com,Male,7041.0792,BTN
324,Hewe,Kitcatt,hkitcatt8z@squidoo.com,Male,11512.8435,UAH
325,Land,Dundendale,ldundendale90@list-manage.com,Male,12713.7823,CNY
326,Jesse,Maskew,jmaskew91@bizjournals.com,Male,8760.5023,BGN
327,Clementia,Rhelton,crhelton92@marketwatch.com,Female,3847.3777,CNY
328,Teodora,Jagels,tjagels93@mapquest.com,Female,12991.3958,EUR
329,Gabrila,Shama,gshama94@msn.com,Female,5578.6445,SEK
330,Brice,Falvey,bfalvey95@illinois.edu,Male,19229.2812,SZL
331,Salome,Janik,sjanik96@time.com,Female,15569.2057,IDR
332,Den,Puzey,dpuzey97@wordpress.org,Male,5874.964,CNY
333,Querida,Adamowicz,qadamowicz98@tinypic.com,Female,5722.8841,MKD
334,Felix,Dyers,fdyers99@furl.net,Male,8532.4407,BRL
335,Jeannette,Reinisch,jreinisch9a@mozilla.org,Female,17854.0185,EUR
336,Audi,Mathonnet,amathonnet9b@globo.com,Female,16812.5509,PLN
337,Merrili,Goadsby,mgoadsby9c@army.mil,Female,5409.7329,YER
338,Vinson,Downer,vdowner9d@vkontakte.ru,Male,9951.4933,IDR
339,Maud,Wildor,mwildor9e@163.com,Female,4949.4071,CNY
340,Pinchas,Green,pgreen9f@go.com,Male,6351.9473,CNY
341,Denis,Looby,dlooby9g@mysql.com,Male,10033.4638,EUR
342,Ettore,Nehlsen,enehlsen9h@si.edu,Male,5835.6005,CNY
343,Joice,Cayette,jcayette9i@qq.com,Female,11355.1572,USD
344,Goober,Pavkovic,gpavkovic9j@xing.com,Male,9686.0565,EUR
345,Colman,Burbank,cburbank9k@1und1.de,Male,15193.6614,HUF
346,Aime,Cromack,acromack9l@dailymail.co.uk,Female,12580.585,IDR
347,Hussein,Bernolet,hbernolet9m@tuttocitta.it,Non-binary,12372.1758,CNY
348,Caesar,Vidgen,cvidgen9n@51.la,Male,9301.2048,EUR
349,Bernardina,Jakaway,bjakaway9o@paypal.com,Female,12623.9176,EUR
350,Pascal,Dealey,pdealey9p@addtoany.com,Male,4779.885,CNY
351,Annabela,Schroder,aschroder9q@illinois.edu,Female,5247.4874,SEK
352,Nikolaos,Giacobo,ngiacobo9r@addtoany.com,Male,7520.5751,UAH
353,Mathilda,Hannis,mhannis9s@shutterfly.com,Female,9951.0398,IDR
354,Fedora,Lamboll,flamboll9t@nymag.com,Polygender,3649.2039,USD
355,Egbert,Duthie,eduthie9u@sciencedaily.com,Male,14591.8085,CNY
356,Allan,Battin,abattin9v@google.fr,Male,8223.8972,CZK
357,Frederique,Tuohy,ftuohy9w@ebay.co.uk,Female,14375.089,CNY
358,Brander,Campbell,bcampbell9x@flickr.com,Male,13576.4714,CNY
359,Starr,Broome,sbroome9y@zimbio.com,Female,9610.9597,CAD
360,Louella,Marchbank,lmarchbank9z@people.com.cn,Female,5752.3573,COP
361,Hedda,Johananov,hjohananova0@photobucket.com,Female,17531.9532,PEN
362,Noak,Dorrian,ndorriana1@columbia.edu,Male,16758.4055,CNY
363,Reggie,Brennon,rbrennona2@weebly.com,Genderqueer,2207.6981,EUR
364,Wyndham,Wilks,wwilksa3@live.com,Male,3264.6499,BRL
365,Delainey,Aron,darona4@deviantart.com,Male,9818.5713,PHP
366,Lani,Whithorn,lwhithorna5@flavors.me,Female,12282.8562,EUR
367,Elli,Mil,emila6@sphinn.com,Female,4867.4687,IDR
368,Meriel,Fell,mfella7@squarespace.com,Female,16732.0415,CRC
369,Kessiah,Girardy,kgirardya8@loc.gov,Female,19302.335,CNY
370,Rhody,Hafner,rhafnera9@dell.com,Female,12548.6721,EUR
371,Christyna,Lyosik,clyosikaa@etsy.com,Female,10975.3189,EUR
372,Thaddus,Arnhold,tarnholdab@slate.com,Male,7835.1071,CNY
373,Charyl,Flaxman,cflaxmanac@php.net,Female,17494.6396,SYP
374,Hort,Hamblyn,hhamblynad@youku.com,Male,7649.4131,THB
375,Northrop,Jedrzej,njedrzejae@symantec.com,Male,13885.717,IDR
376,Cointon,Magrannell,cmagrannellaf@harvard.edu,Male,14757.2801,BDT
377,Orelia,Sproat,osproatag@miibeian.gov.cn,Female,9388.0718,RUB
378,Jorge,Doherty,jdohertyah@istockphoto.com,Male,6689.1509,CNY
379,Terri,Trudgian,ttrudgianai@indiegogo.com,Female,19792.8432,CNY
380,Miriam,Titmuss,mtitmussaj@meetup.com,Female,19838.2339,CNY
381,Kipp,Aynscombe,kaynscombeak@yellowpages.com,Female,4750.549,PHP
382,Beckie,Comiskey,bcomiskeyal@ca.gov,Female,2168.5842,DKK
383,Hetty,Couling,hcoulingam@yolasite.com,Female,8918.4148,EUR
384,Barbaraanne,Sweedy,bsweedyan@topsy.com,Female,6008.1656,IDR
385,Caterina,Thunnerclef,cthunnerclefao@cbc.ca,Female,8985.7221,CNY
386,Ricardo,Pues,rpuesap@blogger.com,Male,5754.9352,CNY
387,Cacilia,Newbegin,cnewbeginaq@ucoz.com,Female,14598.0051,RUB
388,Beryle,Ravenscraft,bravenscraftar@businesswire.com,Female,4577.5947,PKR
389,Juliana,Siddon,jsiddonas@archive.org,Female,9797.5763,PHP
390,Emylee,Hansell,ehansellat@clickbank.net,Female,2957.9396,BRL
391,Gussi,Guillart,gguillartau@salon.com,Female,2225.0199,TZS
392,Mareah,Brooksbie,mbrooksbieav@facebook.com,Female,7549.1875,NOK
393,Teodora,McDowall,tmcdowallaw@loc.gov,Female,13858.4012,BAM
394,Peirce,Wallwood,pwallwoodax@symantec.com,Male,18249.8066,KZT
395,Anselm,Pemberton,apembertonay@un.org,Male,5240.3301,CNY
396,Flemming,Arnecke,farneckeaz@quantcast.com,Male,19941.1796,PHP
397,Shelby,Woolager,swoolagerb0@sciencedirect.com,Male,3568.3575,CNY
398,Rogers,Dunnet,rdunnetb1@ft.com,Male,19063.8449,MYR
399,Chic,O'Neill,coneillb2@si.edu,Male,3018.4538,CNY
400,Jaquith,Reekie,jreekieb3@sfgate.com,Female,8117.1857,IDR
401,Clemmy,Chisolm,cchisolmb4@cnn.com,Male,19533.3139,BRL
402,Sven,Lates,slatesb5@multiply.com,Male,5398.8692,EUR
403,Illa,Leuren,ileurenb6@google.ru,Female,19495.0255,COP
404,Adda,Baumaier,abaumaierb7@youtube.com,Female,9933.7499,IDR
405,Charmaine,Cleveland,cclevelandb8@si.edu,Female,18769.5478,PLN
406,Spence,Mothersdale,smothersdaleb9@cdbaby.com,Male,8994.858,BRL
407,Berke,Isoldi,bisoldiba@yolasite.com,Male,16567.201,CUP
408,Teddi,Carnachen,tcarnachenbb@reference.com,Female,13104.9879,CNY
409,Cullin,Flack,cflackbc@ifeng.com,Male,12595.5557,BRL
410,Sisile,Antwis,santwisbd@mysql.com,Agender,17827.4762,IDR
411,Iolanthe,Bonome,ibonomebe@ed.gov,Female,5032.8353,EUR
412,Dennet,Bartels-Ellis,dbartelsellisbf@icio.us,Male,11348.608,RUB
413,Corey,Easeman,ceasemanbg@biglobe.ne.jp,Male,10926.0963,BRL
414,Kerwinn,Corryer,kcorryerbh@opera.com,Male,17520.3912,RUB
415,Tyrone,Nerney,tnerneybi@dailymail.co.uk,Male,12757.056,CNY
416,Elka,Freer,efreerbj@webs.com,Female,16052.1982,CNY
417,Roseann,Orrill,rorrillbk@zdnet.com,Female,5531.647,IDR
418,Niven,Mulbery,nmulberybl@seattletimes.com,Male,11266.8393,IDR
419,Hermon,Gerrietz,hgerrietzbm@seesaa.net,Male,7667.7726,ARS
420,Rollie,Gaye,rgayebn@unblog.fr,Male,12138.6744,IDR
421,Isabelle,Rouzet,irouzetbo@senate.gov,Female,10791.6462,IDR
422,Andrus,Rampage,arampagebp@mashable.com,Male,10768.7928,RUB
423,Raddie,Berg,rbergbq@sitemeter.com,Male,8479.9149,USD
424,Charlena,Shipley,cshipleybr@twitter.com,Female,11589.2461,IDR
425,Angel,Mailes,amailesbs@homestead.com,Male,12657.4212,EUR
426,Cassi,Roddie,croddiebt@abc.net.au,Female,18520.8913,CZK
427,Veronica,Waterland,vwaterlandbu@unicef.org,Female,8854.101,EUR
428,Nada,Brickdale,nbrickdalebv@t-online.de,Female,2255.9439,SEK
429,Eward,Matusevich,ematusevichbw@upenn.edu,Male,14114.9707,RUB
430,Joanne,Edney,jedneybx@sciencedirect.com,Female,19671.4911,USD
431,Fina,McFeat,fmcfeatby@trellian.com,Female,17327.2484,NGN
432,Lyle,Cowthard,lcowthardbz@indiegogo.com,Male,17085.5398,RUB
433,Francesca,Ray,frayc0@shop-pro.jp,Female,10426.5275,PHP
434,Gunilla,McCreery,gmccreeryc1@storify.com,Female,4961.5828,UAH
435,Gussy,Redmore,gredmorec2@gov.uk,Female,16976.451,ISK
436,Letisha,Fawckner,lfawcknerc3@deliciousdays.com,Female,6505.2839,USD
437,Lek,Andryushchenko,landryushchenkoc4@booking.com,Male,8312.5153,EUR
438,Jorry,Fenby,jfenbyc5@bbc.co.uk,Female,14357.647,YER
439,Cristy,Rishman,crishmanc6@usnews.com,Female,9478.4972,NOK
440,Aundrea,Carnihan,acarnihanc7@goo.ne.jp,Female,7985.0778,ZAR
441,Cirillo,Philipeaux,cphilipeauxc8@i2i.jp,Male,17382.9393,CNY
442,Mindy,Lafee,mlafeec9@desdev.cn,Female,7967.0029,CNY
443,Philipa,Wigan,pwiganca@illinois.edu,Female,15239.0805,AMD
444,Darbee,Camilletti,dcamilletticb@ovh.net,Male,5155.413,CNY
445,Zsa zsa,Scurrell,zscurrellcc@rakuten.co.jp,Female,15251.6146,IDR
446,Hannis,Lermit,hlermitcd@vimeo.com,Female,13486.9701,EUR
447,Kipp,Grovier,kgrovierce@home.pl,Female,16667.148,PEN
448,Mandel,Richter,mrichtercf@skyrock.com,Male,5104.1853,LTL
449,Lemuel,Bowfin,lbowfincg@loc.gov,Male,12980.1098,CNY
450,Elwira,Wetherill,ewetherillch@nydailynews.com,Female,11953.8959,MNT
451,Carl,Lesaunier,clesaunierci@360.cn,Male,15528.2594,SYP
452,Woodman,Gibben,wgibbencj@ask.com,Male,5703.3316,CNY
453,Zared,Slimme,zslimmeck@goo.gl,Male,18431.9953,RUB
454,Marie-jeanne,Shrubb,mshrubbcl@technorati.com,Female,16801.7079,CNY
455,Dov,Compfort,dcompfortcm@yellowpages.com,Male,17732.2634,UAH
456,Claudianus,Balsellie,cbalselliecn@w3.org,Male,9529.3635,BRL
457,Haily,Liccardi,hliccardico@huffingtonpost.com,Male,9100.7988,ILS
458,Wang,Stovell,wstovellcp@latimes.com,Male,15776.5321,EUR
459,Arvin,Cran,acrancq@wix.com,Male,18593.6496,IDR
460,Jacquelin,Hauch,jhauchcr@blog.com,Female,13833.5432,RSD
461,Joelle,Eldon,jeldoncs@opera.com,Female,11685.1568,KMF
462,Whitney,Breton,wbretonct@istockphoto.com,Bigender,10187.7624,XOF
463,Mason,Shawl,mshawlcu@princeton.edu,Male,14243.0059,PHP
464,Nona,Cattow,ncattowcv@army.mil,Female,11849.036,MDL
465,Deane,Liddard,dliddardcw@yellowpages.com,Genderfluid,13437.8434,VND
466,Willy,Rowledge,wrowledgecx@amazon.com,Bigender,18175.2521,PHP
467,Karil,Vanin,kvanincy@mediafire.com,Female,11065.7855,CAD
468,Renee,Lawrie,rlawriecz@auda.org.au,Female,6537.5114,CNY
469,Dominik,Jeanes,djeanesd0@sfgate.com,Male,14518.2557,MAD
470,Valdemar,Sarson,vsarsond1@ox.ac.uk,Male,16397.4951,BYR
471,Paule,Mathevet,pmathevetd2@mac.com,Female,9498.1453,CNY
472,Nissie,Hendriksen,nhendriksend3@time.com,Female,14521.3411,SEK
473,Genia,Reiner,greinerd4@vimeo.com,Female,17578.8874,MYR
474,Selestina,Blanc,sblancd5@arstechnica.com,Female,19492.2656,CNY
475,Clair,Vaughn,cvaughnd6@privacy.gov.au,Male,10238.0609,EUR
476,Wilburt,Sandars,wsandarsd7@chicagotribune.com,Male,18334.9914,THB
477,Jaimie,Noah,jnoahd8@issuu.com,Female,11188.4148,MWK
478,Mary,Guilbert,mguilbertd9@foxnews.com,Female,15548.6126,KMF
479,Jany,Quimby,jquimbyda@wisc.edu,Female,18676.4467,HRK
480,Carola,Beardshaw,cbeardshawdb@taobao.com,Female,8037.513,TJS
481,Sig,Minci,smincidc@free.fr,Male,10212.0152,PLN
482,Christal,Borthe,cborthedd@hp.com,Female,3463.4939,MAD
483,Rochette,McWhin,rmcwhinde@jigsy.com,Female,8949.69,EUR
484,Emeline,Phythean,ephytheandf@vk.com,Female,10151.7864,USD
485,Karolina,MacVean,kmacveandg@ovh.net,Female,13258.1986,IDR
486,Waylin,McGrane,wmcgranedh@addthis.com,Male,12719.967,IDR
487,Leupold,Fligg,lfliggdi@mediafire.com,Male,11044.0392,CNY
488,Ari,Moulden,amouldendj@cam.ac.uk,Male,18111.5416,MNT
489,Gilbertina,Poker,gpokerdk@nationalgeographic.com,Non-binary,14285.7826,BGN
490,Darrin,Chamberlaine,dchamberlainedl@bing.com,Male,6922.8208,PHP
491,Ruthi,Poor,rpoordm@wsj.com,Female,15912.0157,PLN
492,Rodolfo,Lankham,rlankhamdn@wunderground.com,Male,8976.7072,CNY
493,Israel,Giottini,igiottinido@engadget.com,Male,3496.0786,AFN
494,Gwenni,McGaraghan,gmcgaraghandp@wikipedia.org,Female,4729.9181,CNY
495,Joseph,Gabotti,jgabottidq@sina.com.cn,Male,9099.0493,ARS
496,Gaspard,McKeurtan,gmckeurtandr@epa.gov,Male,2885.0839,COP
497,Sayre,Dreng,sdrengds@army.mil,Female,15637.7676,YER
498,Zeb,Greder,zgrederdt@smh.com.au,Male,4523.6622,OMR
499,Deck,Birtles,dbirtlesdu@meetup.com,Male,3217.2971,RUB
500,Veronika,Pickles,vpicklesdv@nasa.gov,Female,8982.3139,TZS
501,Jehanna,Dibson,jdibsondw@microsoft.com,Female,2074.7079,THB
502,Martguerita,Killner,mkillnerdx@kickstarter.com,Bigender,11594.8695,EUR
503,Amble,Cheshir,acheshirdy@over-blog.com,Male,6124.1461,BRL
504,Nicholle,Bowmen,nbowmendz@craigslist.org,Female,17209.9336,CNY
505,Donnajean,Hysom,dhysome0@alibaba.com,Female,19301.3554,USD
506,Clayton,Tiuit,ctiuite1@yale.edu,Male,19484.6717,BOB
507,Lezley,O'Brallaghan,lobrallaghane2@nydailynews.com,Genderqueer,6859.9602,MYR
508,Gennie,Hoolaghan,ghoolaghane3@paginegialle.it,Female,6080.1353,PLN
509,Bianka,Amies,bamiese4@comsenz.com,Female,5921.8145,AZN
510,Lukas,Arne,larnee5@facebook.com,Male,6460.4286,MXN
511,Waverly,Dunsleve,wdunslevee6@dropbox.com,Male,3971.2123,UAH
512,Franklin,Benson,fbensone7@purevolume.com,Male,2356.1804,EUR
513,Arty,Stern,asterne8@slideshare.net,Male,7975.4942,CZK
514,Shaun,Cuniffe,scuniffee9@admin.ch,Female,14504.7936,EUR
515,Kaylyn,Fendlow,kfendlowea@dropbox.com,Polygender,10363.0515,CNY
516,Chadwick,Bottlestone,cbottlestoneeb@pbs.org,Male,9540.6726,COP
517,Corie,Javes,cjavesec@people.com.cn,Female,2386.6474,NZD
518,Sheree,Bridgement,sbridgemented@yellowbook.com,Female,16972.2442,RUB
519,Eloisa,Batchley,ebatchleyee@prlog.org,Female,13358.5753,CNY
520,Esta,Dollard,edollardef@sakura.ne.jp,Female,6754.9984,EUR
521,Stefan,Brownstein,sbrownsteineg@cargocollective.com,Male,15133.4855,COP
522,Stephan,Wilacot,swilacoteh@last.fm,Male,2681.4334,IRR
523,Tyne,Riquet,triquetei@de.vu,Female,6668.9385,PHP
524,Gayleen,Gell,ggellej@soundcloud.com,Female,9886.8697,PHP
525,Marje,Stollery,mstolleryek@slashdot.org,Female,16519.1495,CNY
526,Isak,Pevreal,ipevrealel@elpais.com,Non-binary,16614.1672,TOP
527,Magdalen,Bullier,mbullierem@bbc.co.uk,Female,2249.5963,MYR
528,Jaimie,Ascraft,jascraften@infoseek.co.jp,Male,17889.7245,DOP
529,Burnard,Wedlock,bwedlockeo@goo.ne.jp,Male,16761.6495,ALL
530,Sauncho,MacCleod,smaccleodep@oakley.com,Male,17388.7165,CZK
531,Beret,Frank,bfrankeq@discovery.com,Female,10101.1936,USD
532,Sib,Lardier,slardierer@aol.com,Female,4219.7779,CNY
533,Reynold,Taffee,rtaffeees@google.com.au,Male,19617.1293,ZAR
534,Clareta,Willoughway,cwilloughwayet@bbb.org,Female,14504.2342,RUB
535,Annmarie,Offin,aoffineu@columbia.edu,Female,19112.3913,CNY
536,Kacie,Blowers,kblowersev@bloomberg.com,Female,6578.7665,BRL
537,Stephanie,Jeanneau,sjeanneauew@csmonitor.com,Female,2197.1385,INR
538,Dorey,Twelvetrees,dtwelvetreesex@wp.com,Female,11612.3814,IDR
539,Zackariah,Strettle,zstrettleey@youtu.be,Male,6013.2336,EUR
540,Aldric,Leechman,aleechmanez@surveymonkey.com,Male,11853.2641,USD
541,Keary,Jansens,kjansensf0@webs.com,Male,12323.8966,IDR
542,Artemus,Beathem,abeathemf1@unc.edu,Male,14817.9241,UAH
543,Vincent,Ilymanov,vilymanovf2@tripadvisor.com,Male,17461.2013,IDR
544,Nil,Marshallsay,nmarshallsayf3@pagesperso-orange.fr,Male,13894.574,MMK
545,Wendy,Degue,wdeguef4@umich.edu,Female,17193.6861,PLN
546,Nydia,Biskupek,nbiskupekf5@google.co.jp,Female,15985.4005,PLN
547,Blaire,Skeene,bskeenef6@skype.com,Female,17811.447,CAD
548,Alberto,Abrahams,aabrahamsf7@networkadvertising.org,Male,12138.758,ALL
549,Cristy,Sleany,csleanyf8@nps.gov,Female,10283.9056,UAH
550,Bendicty,Southgate,bsouthgatef9@aboutads.info,Polygender,9156.5094,CNY
551,Jamal,Malden,jmaldenfa@auda.org.au,Male,7320.0264,LYD
552,Riordan,Cawthra,rcawthrafb@so-net.ne.jp,Male,11268.5259,IDR
553,Doy,Farman,dfarmanfc@phpbb.com,Genderqueer,9879.3091,BYR
554,Romona,Ruddom,rruddomfd@seesaa.net,Female,14465.6413,CNY
555,Shepherd,Kelleway,skellewayfe@unblog.fr,Male,17702.3911,EUR
556,Modestine,Rivel,mrivelff@geocities.jp,Female,15178.3727,UAH
557,Way,Lankester,wlankesterfg@dion.ne.jp,Male,19458.1667,IDR
558,Luella,Belmont,lbelmontfh@eventbrite.com,Bigender,19731.3284,UZS
559,Humberto,Christon,hchristonfi@macromedia.com,Male,15832.9813,EUR
560,Jodi,Stolworthy,jstolworthyfj@who.int,Female,3373.719,USD
561,Tamiko,Helwig,thelwigfk@xinhuanet.com,Female,10909.04,HRK
562,Doralynn,Tarver,dtarverfl@gizmodo.com,Female,2938.2676,EUR
563,Dayle,Davitashvili,ddavitashvilifm@ucoz.com,Polygender,11699.3693,EUR
564,Hanan,Teanby,hteanbyfn@utexas.edu,Male,7724.9557,UAH
565,Philippine,Pittem,ppittemfo@themeforest.net,Female,18939.0302,KZT
566,Annette,Popham,apophamfp@feedburner.com,Female,6845.3617,CZK
567,Latrina,Heeney,lheeneyfq@4shared.com,Bigender,9156.7402,CNY
568,Vinson,Phlippsen,vphlippsenfr@boston.com,Male,17094.9838,XOF
569,Charmain,Eastbrook,ceastbrookfs@slideshare.net,Female,17754.0446,BRL
570,Randie,Oldknowe,roldknoweft@ezinearticles.com,Female,12584.2975,EUR
571,Lesya,Furmston,lfurmstonfu@amazon.co.jp,Female,19753.983,PLN
572,Donall,Walkinshaw,dwalkinshawfv@gravatar.com,Male,8561.8337,AMD
573,Dillon,Royden,droydenfw@ifeng.com,Genderfluid,10356.3024,SEK
574,Kele,Watman,kwatmanfx@mit.edu,Male,12889.507,USD
575,Othelia,Dugdale,odugdalefy@marketwatch.com,Female,17927.6082,JPY
576,Cecil,Carletto,ccarlettofz@t-online.de,Male,3196.7496,SLL
577,Cosmo,Buggy,cbuggyg0@samsung.com,Male,7269.2611,IDR
578,Luciano,Kitter,lkitterg1@vinaora.com,Male,2246.7333,EUR
579,Orella,Grange,ograngeg2@paginegialle.it,Female,11124.7421,PLN
580,Sterling,Volcker,svolckerg3@usda.gov,Male,10873.9275,EUR
581,Hiram,Breckin,hbrecking4@yahoo.co.jp,Male,11773.7287,CAD
582,Kele,Raubenheimer,kraubenheimerg5@go.com,Male,11489.0275,CNY
583,Curcio,Entwisle,centwisleg6@nhs.uk,Polygender,3281.021,EUR
584,Zebadiah,Mishaw,zmishawg7@mapquest.com,Male,13352.3727,KGS
585,Almire,Dexter,adexterg8@amazonaws.com,Female,18160.276,BRL
586,Lindsey,Fulmen,lfulmeng9@histats.com,Genderqueer,2217.9659,CUP
587,Kikelia,Lighten,klightenga@weebly.com,Female,2001.7324,BRL
588,Delcine,MacCosto,dmaccostogb@t.co,Female,18514.8483,CNY
589,Aylmer,Lathbury,alathburygc@foxnews.com,Male,12907.8657,EUR
590,Randall,Skett,rskettgd@soundcloud.com,Genderfluid,18898.55,BRL
591,Cherey,Tenpenny,ctenpennyge@oaic.gov.au,Female,17411.0837,SEK
592,Ivory,Epsly,iepslygf@xing.com,Non-binary,14161.9879,CNY
593,Roze,Murrish,rmurrishgg@census.gov,Female,5713.1657,LYD
594,Franchot,Matts,fmattsgh@shutterfly.com,Male,8247.2132,SRD
595,Ame,Rowden,arowdengi@webnode.com,Female,5114.4483,SAR
596,Farlay,Hogbourne,fhogbournegj@nyu.edu,Male,5982.2973,RSD
597,Rhianon,Kleinstern,rkleinsterngk@facebook.com,Female,9566.0303,USD
598,Marion,Vedmore,mvedmoregl@prweb.com,Female,10236.0553,USD
599,Farlie,Romer,fromergm@imgur.com,Male,14505.8029,IDR
600,Keir,Wickardt,kwickardtgn@home.pl,Male,15014.7853,CNY
601,Kandy,Miche,kmichego@apple.com,Female,6152.3646,CNY
602,Louella,Vater,lvatergp@csmonitor.com,Female,17947.9552,HRK
603,Katherina,O'Bradain,kobradaingq@wisc.edu,Female,11437.1123,EUR
604,Gussy,Lodder,gloddergr@weather.com,Female,16980.4898,COP
605,Jaquelyn,Frensche,jfrenschegs@dion.ne.jp,Female,8393.0399,EUR
606,Pall,Hallagan,phallagangt@newyorker.com,Male,9641.0424,MNT
607,Karlan,Hallgalley,khallgalleygu@loc.gov,Male,6989.6352,CAD
608,Borden,Falcus,bfalcusgv@hhs.gov,Non-binary,17712.5843,PAB
609,Nathan,Ratnage,nratnagegw@liveinternet.ru,Male,19405.0766,SZL
610,Garnet,Kenzie,gkenziegx@nationalgeographic.com,Female,15200.6536,PLN
611,Ortensia,Linnard,olinnardgy@acquirethisname.com,Female,5116.6204,MXN
612,Donnie,Ivanchov,divanchovgz@icq.com,Male,19196.8703,PAB
613,Violetta,Tolchard,vtolchardh0@icq.com,Female,5557.1667,ALL
614,Goraud,Acton,gactonh1@photobucket.com,Male,13161.8361,EUR
615,Jamil,Dunnaway,jdunnawayh2@free.fr,Male,6058.5215,VND
616,Ransell,Wallice,rwalliceh3@archive.org,Agender,11830.0311,EUR
617,Ellswerth,Vannoni,evannonih4@msn.com,Male,11451.1879,MKD
618,Lindsey,Rangeley,lrangeleyh5@unblog.fr,Male,16134.8531,AZN
619,Odilia,Saint,osainth6@blogger.com,Female,9687.9329,CNY
620,Mayer,Meddick,mmeddickh7@engadget.com,Genderfluid,6330.7138,CNY
621,Reggi,Endrizzi,rendrizzih8@discovery.com,Female,10911.1087,RUB
622,Israel,Drable,idrableh9@facebook.com,Male,18578.1923,ERN
623,Rebbecca,Filasov,rfilasovha@wikia.com,Female,4867.4838,EUR
624,Goran,Barkworth,gbarkworthhb@miitbeian.gov.cn,Male,2834.1912,EUR
625,Winn,Tett,wtetthc@4shared.com,Male,7034.397,CZK
626,Sibyl,Tapsell,stapsellhd@bandcamp.com,Female,16479.1514,CNY
627,Ferne,Curror,fcurrorhe@cargocollective.com,Female,9173.9011,CZK
628,Josey,Hothersall,jhothersallhf@hatena.ne.jp,Female,14641.8216,JPY
629,Aimee,Loren,alorenhg@flavors.me,Female,8169.9448,CNY
630,Ozzy,Lotwich,olotwichhh@gnu.org,Male,7231.8049,CNY
631,Catharina,Beadon,cbeadonhi@shareasale.com,Female,8440.9863,IDR
632,Ode,Bisacre,obisacrehj@qq.com,Male,2213.0507,CNY
633,Kendricks,Simoneton,ksimonetonhk@edublogs.org,Male,3001.6651,CNY
634,Humberto,Dibbs,hdibbshl@thetimes.co.uk,Male,12565.8168,CNY
635,Vitoria,Greenshields,vgreenshieldshm@google.com.br,Female,13195.2678,ALL
636,Tremayne,Rookesby,trookesbyhn@phoca.cz,Male,19456.3913,ILS
637,Karoly,Flement,kflementho@foxnews.com,Male,5366.6029,KZT
638,Rodrique,Stadden,rstaddenhp@marketwatch.com,Bigender,7361.4592,IDR
639,Catlin,McArthur,cmcarthurhq@bloglines.com,Female,16001.0808,CNY
640,Rhody,Bestwick,rbestwickhr@skype.com,Female,13969.0473,IDR
641,Halsy,Huxham,hhuxhamhs@auda.org.au,Male,18870.8425,RUB
642,Lisette,Kmietsch,lkmietschht@51.la,Polygender,13388.1289,PHP
643,Kris,Marco,kmarcohu@theguardian.com,Female,6027.9198,EUR
644,Siegfried,Glading,sgladinghv@pcworld.com,Male,4697.9192,PHP
645,Darwin,Fingleton,dfingletonhw@gnu.org,Bigender,8159.0789,RUB
646,Mohandis,Byrd,mbyrdhx@cnbc.com,Male,16611.2568,BOB
647,Evaleen,Meikle,emeiklehy@a8.net,Female,9352.8956,THB
648,Katina,Eastope,keastopehz@photobucket.com,Female,6676.8098,USD
649,Latrina,Grubbe,lgrubbei0@networksolutions.com,Female,5017.3039,CNY
650,Tish,Donnellan,tdonnellani1@slashdot.org,Female,5058.8929,IDR
651,Mariquilla,Lamblot,mlambloti2@dyndns.org,Genderqueer,5897.96,RSD
652,Sophie,Kerford,skerfordi3@google.ca,Genderfluid,4364.047,ZWL
653,Ardys,Bruckner,abruckneri4@state.tx.us,Bigender,4927.912,CZK
654,Thomasin,Sissons,tsissonsi5@deliciousdays.com,Female,5695.6087,RUB
655,Jareb,Drissell,jdrisselli6@economist.com,Male,16716.8288,CNY
656,Alexandr,Vertigan,avertigani7@economist.com,Male,14792.3965,IDR
657,Sadella,Spradbery,sspradberyi8@icq.com,Bigender,16410.6732,TJS
658,Aila,Barkess,abarkessi9@oracle.com,Bigender,14959.3725,SLL
659,Ruggiero,Jewer,rjeweria@tamu.edu,Male,11536.9719,JPY
660,Bradney,Annon,bannonib@nifty.com,Male,10682.7586,EUR
661,Zora,Huet,zhuetic@google.com.br,Genderqueer,15813.2178,PLN
662,Tobey,Jane,tjaneid@dot.gov,Female,13788.0222,PHP
663,Ben,Donati,bdonatiie@google.cn,Male,2472.4455,CAD
664,Jerrold,McKeon,jmckeonif@sogou.com,Male,4288.9556,CNY
665,Anna,Baford,abafordig@baidu.com,Female,8031.7053,PHP
666,James,Mostyn,jmostynih@elegantthemes.com,Male,12900.6019,SEK
667,Halsy,Hampshaw,hhampshawii@cyberchimps.com,Male,10625.5572,IDR
668,Kizzee,Brisco,kbriscoij@wiley.com,Female,7464.1823,RUB
669,Dore,Downey,ddowneyik@netvibes.com,Female,2779.5577,RUB
670,Tasha,Jex,tjexil@icq.com,Female,6356.6743,USD
671,Marna,Cullen,mcullenim@sphinn.com,Female,12232.4463,EUR
672,Allison,Mein,ameinin@gravatar.com,Bigender,16963.0243,IDR
673,Jennica,Beet,jbeetio@businesswire.com,Female,7228.9475,ZAR
674,Dwight,Genney,dgenneyip@nih.gov,Male,5788.9357,CNY
675,Gene,Stainbridge,gstainbridgeiq@home.pl,Male,17211.9345,CNY
676,Kimbell,McNickle,kmcnickleir@mlb.com,Male,11233.6249,IDR
677,Harry,Cortes,hcortesis@ustream.tv,Male,12964.5777,ARS
678,Ninnette,Hysom,nhysomit@nps.gov,Female,19048.1679,GTQ
679,Franchot,Rusted,frustediu@google.cn,Male,4401.065,PKR
680,Katheryn,Whapham,kwhaphamiv@elpais.com,Female,18803.5227,RUB
681,Merle,Anker,mankeriw@phpbb.com,Female,4696.6615,COP
682,Rosana,Zorzetti,rzorzettiix@fema.gov,Genderqueer,3994.8992,HUF
683,Jennifer,Checo,jchecoiy@alexa.com,Female,15259.6149,HNL
684,Meade,Lethlay,mlethlayiz@howstuffworks.com,Male,11657.9551,RUB
685,Lester,Dymocke,ldymockej0@blogtalkradio.com,Male,17825.0687,PKR
686,Roxanne,Bosnell,rbosnellj1@google.nl,Female,8526.8244,EGP
687,Tobye,Odo,todoj2@state.gov,Female,13792.9628,CNY
688,Tanhya,O'Hartagan,tohartaganj3@linkedin.com,Agender,4868.4287,EUR
689,Saul,Swatheridge,sswatheridgej4@youtube.com,Male,12304.3281,JPY
690,Ursula,Allington,uallingtonj5@economist.com,Female,5302.2041,KES
691,Del,Filisov,dfilisovj6@ask.com,Male,10113.3968,HNL
692,Dalis,Maffezzoli,dmaffezzolij7@ed.gov,Male,14171.0877,SSP
693,Vida,Rowatt,vrowattj8@forbes.com,Female,15185.8022,SEK
694,Hamil,Keggin,hkegginj9@soup.io,Male,4931.2043,PHP
695,Babbie,Dulinty,bdulintyja@yahoo.co.jp,Female,13577.2146,PEN
696,Mamie,Leifer,mleiferjb@zimbio.com,Polygender,9631.6651,CNY
697,Brook,Bradbury,bbradburyjc@hostgator.com,Female,9837.7791,IDR
698,Rriocard,Pavyer,rpavyerjd@foxnews.com,Male,11852.9575,PHP
699,Stefano,Bein,sbeinje@typepad.com,Male,15711.6952,CZK
700,Ezechiel,Mum,emumjf@smh.com.au,Bigender,2338.9125,PHP
701,Sheelah,Nell,snelljg@boston.com,Female,2965.0423,PHP
702,Faulkner,Leades,fleadesjh@sogou.com,Male,10380.1661,PLN
703,Faina,Molan,fmolanji@w3.org,Female,17042.6176,EUR
704,Hillard,Damiral,hdamiraljj@constantcontact.com,Male,6832.5664,PHP
705,Aldric,Rawe,arawejk@mit.edu,Male,19445.188,CNY
706,Jourdan,Stowers,jstowersjl@dailymotion.com,Female,5851.4374,CNY
707,Brynn,Slowly,bslowlyjm@answers.com,Non-binary,7775.3031,EUR
708,Sari,Solesbury,ssolesburyjn@google.com,Female,16582.956,EUR
709,Ileane,Nurse,inursejo@cdbaby.com,Female,18416.1262,RUB
710,Charleen,Arguile,carguilejp@4shared.com,Female,10968.1783,RUB
711,Pauly,Toffanini,ptoffaninijq@exblog.jp,Female,5612.5607,PKR
712,Golda,Oliveras,goliverasjr@mail.ru,Genderfluid,7400.7357,NOK
713,Dorise,Koop,dkoopjs@bbc.co.uk,Female,11578.98,VEF
714,Smitty,Allbon,sallbonjt@nasa.gov,Male,12271.3659,COP
715,Halsey,Hylden,hhyldenju@furl.net,Male,14248.6307,IDR
716,Mac,Shout,mshoutjv@comcast.net,Male,5375.4564,JPY
717,Ezri,Bursnall,ebursnalljw@parallels.com,Male,15937.4548,AMD
718,Sydney,Bonar,sbonarjx@uiuc.edu,Male,10448.3665,EUR
719,Gina,Ramos,gramosjy@geocities.jp,Female,16533.5199,NGN
720,Loydie,Bettam,lbettamjz@ehow.com,Male,8957.9851,ARS
721,Austin,Kohen,akohenk0@cargocollective.com,Male,10393.5741,PHP
722,Horten,Raithby,hraithbyk1@artisteer.com,Male,16868.8037,EUR
723,Cash,Kirwin,ckirwink2@admin.ch,Male,14942.8508,IDR
724,Rocky,Seabrook,rseabrookk3@prlog.org,Agender,2770.5621,BAM
725,Megan,Di Roberto,mdirobertok4@mapquest.com,Female,12923.4124,CNY
726,Cary,Hails,chailsk5@hubpages.com,Female,16396.215,LYD
727,Lilias,Cescot,lcescotk6@drupal.org,Female,13994.7465,IDR
728,Dena,Garroch,dgarrochk7@yahoo.com,Female,16198.7861,ARS
729,Myrwyn,Beames,mbeamesk8@amazon.com,Male,13387.708,LKR
730,Gwynne,Yakov,gyakovk9@squarespace.com,Female,4959.1047,RUB
731,Camey,Monget,cmongetka@csmonitor.com,Male,16389.3475,RUB
732,Felice,Patty,fpattykb@mozilla.com,Female,8316.4346,EUR
733,Con,Deek,cdeekkc@jugem.jp,Male,18833.9483,MAD
734,Juliann,Picker,jpickerkd@smugmug.com,Female,19371.9412,IDR
735,Burk,Foggo,bfoggoke@dyndns.org,Male,5217.4292,THB
736,Saraann,Scopham,sscophamkf@desdev.cn,Female,8408.8151,CNY
737,Jacqui,Arundel,jarundelkg@marketwatch.com,Female,18419.4819,BRL
738,Marmaduke,Polley,mpolleykh@usnews.com,Male,14581.311,CNY
739,Charmion,Biasio,cbiasioki@va.gov,Female,19178.3209,CNY
740,Josy,McClarence,jmcclarencekj@businessweek.com,Female,17909.7727,BIF
741,Ariel,Davidovsky,adavidovskykk@domainmarket.com,Male,19332.5848,IRR
742,Zandra,Clow,zclowkl@imdb.com,Female,9692.8215,TND
743,Swen,Daynter,sdaynterkm@amazon.de,Male,9315.4723,IDR
744,Channa,O'Hannay,cohannaykn@ted.com,Female,3940.1281,IDR
745,Barron,Stilliard,bstilliardko@springer.com,Male,6067.2072,COP
746,Wernher,Scrancher,wscrancherkp@prlog.org,Male,8863.3862,PLN
747,Kata,Daffey,kdaffeykq@altervista.org,Female,10548.8154,NIO
748,Ferdy,Hasney,fhasneykr@ihg.com,Male,3610.2064,IDR
749,Cordey,Tirte,ctirteks@google.com.br,Female,7685.8558,BAM
750,Madelina,Callear,mcallearkt@timesonline.co.uk,Female,17617.9857,EUR
751,Sheffy,Brocklebank,sbrocklebankku@jiathis.com,Male,14980.7639,CNY
752,Vidovic,Tebbs,vtebbskv@jigsy.com,Male,17993.1901,AFN
753,Clyde,Wadmore,cwadmorekw@dagondesign.com,Male,17416.5601,ZAR
754,Jorie,Blenkiron,jblenkironkx@a8.net,Female,18349.4533,RUB
755,Antoine,Lochet,alochetky@taobao.com,Male,17969.8679,CNY
756,Crosby,Giacubo,cgiacubokz@cbslocal.com,Male,16550.3398,IDR
757,Ortensia,Druitt,odruittl0@sourceforge.net,Female,11368.0391,PHP
758,Fernande,O'Connolly,foconnollyl1@usnews.com,Female,10838.7846,VEF
759,Robinett,Southwick,rsouthwickl2@mlb.com,Genderqueer,4417.0935,USD
760,Jandy,Renhard,jrenhardl3@tripod.com,Female,13972.381,IDR
761,Elmore,Rumford,erumfordl4@npr.org,Male,18205.1029,CNY
762,Stephanus,Eingerfield,seingerfieldl5@fema.gov,Male,8516.8417,CNY
763,Hephzibah,Turrill,hturrilll6@about.me,Female,8739.4134,IDR
764,Avigdor,Huriche,ahurichel7@pcworld.com,Male,13643.1532,EUR
765,Kyrstin,Ruckman,kruckmanl8@irs.gov,Female,15283.4466,IDR
766,Petrina,Habeshaw,phabeshawl9@squarespace.com,Female,13274.5786,ILS
767,Hilario,Armsden,harmsdenla@goo.gl,Male,16351.2965,PLN
768,Dierdre,Costello,dcostellolb@chron.com,Female,5493.7797,EUR
769,Lance,Jenking,ljenkinglc@ustream.tv,Male,3007.8694,PEN
770,Rice,Folshom,rfolshomld@cdbaby.com,Male,17482.4662,CNY
771,Dora,Rallinshaw,drallinshawle@squidoo.com,Female,8597.7806,CNY
772,Janene,Mound,jmoundlf@istockphoto.com,Female,14958.1157,UAH
773,Gigi,Longman,glongmanlg@dropbox.com,Female,3440.8478,ILS
774,Harrietta,Southam,hsouthamlh@topsy.com,Female,10224.1341,CNY
775,Ritchie,Plumtree,rplumtreeli@mtv.com,Male,12053.9876,CNY
776,Binny,Jahnig,bjahniglj@tinyurl.com,Female,11380.9367,YER
777,Barbee,Pepperrall,bpepperralllk@thetimes.co.uk,Female,11651.4796,NIO
778,Brittney,Melmeth,bmelmethll@angelfire.com,Female,4076.7755,BRL
779,Mylo,Meys,mmeyslm@msn.com,Male,6601.8386,RUB
780,Beulah,Gilbart,bgilbartln@google.fr,Female,10997.9448,CNY
781,Olympia,Fremantle,ofremantlelo@flavors.me,Polygender,11385.5518,IDR
782,Donavon,Pestor,dpestorlp@friendfeed.com,Male,13010.8704,SEK
783,El,Springall,espringalllq@163.com,Male,15527.7749,BRL
784,Renie,Fredi,rfredilr@csmonitor.com,Female,18424.6602,JPY
785,Mace,Jellybrand,mjellybrandls@nasa.gov,Male,15225.9121,CNY
786,Sheffie,Caws,scawslt@wired.com,Male,14193.5809,TOP
787,Towny,Riggeard,triggeardlu@clickbank.net,Male,3358.0377,CNY
788,Malanie,Yeldham,myeldhamlv@google.co.uk,Female,14376.2461,JPY
789,Filmore,Crombie,fcrombielw@google.es,Male,10136.4959,KPW
790,Vanya,Kynder,vkynderlx@usatoday.com,Male,17680.9624,GTQ
791,Fred,Ladewig,fladewigly@naver.com,Male,5305.2887,PHP
792,Dino,Beavan,dbeavanlz@icio.us,Male,16798.652,USD
793,Gaelan,Abercromby,gabercrombym0@usatoday.com,Male,17246.0683,THB
794,Perla,Cook,pcookm1@cbc.ca,Female,7265.0749,IDR
795,Morgan,Josovich,mjosovichm2@youtube.com,Male,15658.7884,HUF
796,Glennie,Cardenas,gcardenasm3@va.gov,Female,16356.3989,CNY
797,Constancy,Wrenn,cwrennm4@nbcnews.com,Female,2249.1435,IDR
798,Jacob,Kubec,jkubecm5@unc.edu,Male,10225.7137,RUB
799,Thoma,Inchan,tinchanm6@prlog.org,Male,14468.13,JPY
800,Odella,Quaife,oquaifem7@moonfruit.com,Female,16436.2903,CNY
801,Hi,Gavrielli,hgavriellim8@liveinternet.ru,Male,19762.3418,AZN
802,Mariam,Dufoure,mdufourem9@mlb.com,Female,15294.829,CNY
803,Rorke,Montgomery,rmontgomeryma@wiley.com,Male,9832.1108,CZK
804,Hephzibah,Vittore,hvittoremb@youtube.com,Genderfluid,16468.8069,EUR
805,Alta,MacConnal,amacconnalmc@theatlantic.com,Female,18783.204,COP
806,Smitty,Kilmurry,skilmurrymd@hostgator.com,Male,9669.2049,EUR
807,Niel,Bolliver,nbolliverme@disqus.com,Male,13519.6019,PLN
808,Maurits,Lidell,mlidellmf@macromedia.com,Male,10488.0261,MMK
809,Wayne,Agott,wagottmg@webeden.co.uk,Male,6938.4524,CAD
810,Nigel,Blazewski,nblazewskimh@ifeng.com,Male,17501.3872,SEK
811,Jarvis,Cawsey,jcawseymi@google.es,Male,3144.1493,EUR
812,Gillan,Castenda,gcastendamj@rakuten.co.jp,Female,2802.1662,CNY
813,Konrad,Aulton,kaultonmk@jimdo.com,Male,4673.1701,PAB
814,Karole,Tinner,ktinnerml@github.com,Female,10780.992,EUR
815,Doralia,Petyt,dpetytmm@delicious.com,Female,15241.521,CNY
816,Henryetta,Rowntree,hrowntreemn@rambler.ru,Female,2024.0884,THB
817,Thornton,Skillanders,tskillandersmo@parallels.com,Male,11767.6378,CAD
818,Bank,Christoffels,bchristoffelsmp@accuweather.com,Male,19767.3058,CZK
819,Guillema,Langer,glangermq@google.de,Female,5208.6564,BYR
820,Annadiane,Klein,akleinmr@quantcast.com,Female,4014.9332,CNY
821,Sherwynd,Crone,scronems@cam.ac.uk,Male,7985.8709,BRL
822,Shoshanna,Grattage,sgrattagemt@examiner.com,Female,11865.9759,PHP
823,Emmerich,Fearnyhough,efearnyhoughmu@trellian.com,Male,12665.0965,ILS
824,Verne,Thairs,vthairsmv@oaic.gov.au,Male,3591.7462,TZS
825,Meridith,Alliband,mallibandmw@salon.com,Female,5696.337,PHP
826,Coletta,Dennington,cdenningtonmx@time.com,Female,14770.8554,RUB
827,Gerri,Burman,gburmanmy@phoca.cz,Male,16492.7361,IDR
828,Mikel,De Filippo,mdefilippomz@vkontakte.ru,Male,6571.7693,MXN
829,Der,Thomlinson,dthomlinsonn0@histats.com,Male,3513.08,BWP
830,Clement,Charke,ccharken1@jalbum.net,Male,4527.771,CNY
831,Rufe,Jelks,rjelksn2@ucoz.ru,Male,11196.0782,EUR
832,Sheela,Simioli,ssimiolin3@tumblr.com,Female,8891.0249,EUR
833,Hyacinth,Godlonton,hgodlontonn4@princeton.edu,Female,2048.5311,EUR
834,Jeannette,Skelhorn,jskelhornn5@globo.com,Female,14110.1407,IDR
835,Job,Deval,jdevaln6@ehow.com,Male,17855.46,CNY
836,Pattie,Docker,pdockern7@wikipedia.org,Male,10223.8335,EGP
837,Garek,Senecaux,gsenecauxn8@latimes.com,Male,14705.6975,CNY
838,Garrik,Turney,gturneyn9@flickr.com,Male,18994.2831,CAD
839,Jemie,Parlott,jparlottna@merriam-webster.com,Female,6928.4028,XOF
840,Valentine,Alcoran,valcorannb@nytimes.com,Male,18233.9919,RUB
841,Darcey,Harrowing,dharrowingnc@redcross.org,Female,3194.9472,ARS
842,Isabelita,Itscowicz,iitscowicznd@soundcloud.com,Female,9906.8966,RUB
843,Teresina,Cammack,tcammackne@goo.ne.jp,Genderfluid,7827.8574,CNY
844,Bill,Micah,bmicahnf@chicagotribune.com,Female,3022.6198,PHP
845,Arlin,Heathcott,aheathcottng@youtube.com,Male,4205.1824,CNY
846,Adamo,Thomelin,athomelinnh@reverbnation.com,Male,18741.5119,IDR
847,Hewe,Llewelyn,hllewelynni@shop-pro.jp,Male,3691.7465,PHP
848,Abie,Wildin,awildinnj@4shared.com,Male,17818.678,CZK
849,Devin,Attersoll,dattersollnk@yellowpages.com,Male,19078.7739,CNY
850,Godiva,Cunnington,gcunningtonnl@buzzfeed.com,Female,19442.8086,RUB
851,Oliver,Dunstone,odunstonenm@senate.gov,Polygender,19731.6511,PLN
852,Kerrin,Lorentzen,klorentzennn@jugem.jp,Female,15409.5983,BRL
853,Any,Snaddin,asnaddinno@typepad.com,Male,15752.1942,RUB
854,Hugues,Strowther,hstrowthernp@psu.edu,Genderqueer,2356.9976,PEN
855,Shelagh,Renton,srentonnq@auda.org.au,Female,19750.4862,BGN
856,Sigismond,Andree,sandreenr@engadget.com,Male,14031.7837,PEN
857,Jania,Mulvey,jmulveyns@census.gov,Female,3466.1691,RSD
858,Minette,Boken,mbokennt@illinois.edu,Female,12683.2323,ISK
859,Luz,Saker,lsakernu@bizjournals.com,Female,2361.9602,BDT
860,Lynette,Kahen,lkahennv@epa.gov,Female,10857.4475,CNY
861,Randi,Mattisssen,rmattisssennw@apple.com,Male,19334.1183,EUR
862,Brittan,Roskruge,broskrugenx@quantcast.com,Female,16065.9182,COP
863,Lauri,Abramovicz,labramoviczny@aol.com,Female,17718.6382,UGX
864,Jemmie,Lebang,jlebangnz@sciencedaily.com,Female,19465.5662,BYR
865,Tibold,Whitticks,twhittickso0@nps.gov,Male,8304.513,EUR
866,Chane,Trevallion,ctrevalliono1@creativecommons.org,Male,10413.7596,PHP
867,Ric,L'argent,rlargento2@bbc.co.uk,Male,14816.2091,IDR
868,Delbert,Messer,dmessero3@sciencedaily.com,Male,5751.4331,HUF
869,Land,Pickersgill,lpickersgillo4@timesonline.co.uk,Male,16476.4265,CNY
870,Alika,Pagett,apagetto5@forbes.com,Female,14692.988,CAD
871,Allene,Presser,apressero6@miibeian.gov.cn,Female,5686.0186,HUF
872,Winfield,Shepherd,wshepherdo7@google.fr,Male,14118.8376,CNY
873,Enoch,Pringuer,epringuero8@friendfeed.com,Male,2687.4195,USD
874,Denney,Wennam,dwennamo9@columbia.edu,Male,5002.2917,BRL
875,Alexis,Magnay,amagnayoa@uol.com.br,Male,3126.3492,PHP
876,Maryl,Growcock,mgrowcockob@google.co.uk,Female,15165.0644,CNY
877,Normy,Witch,nwitchoc@icq.com,Male,4732.1823,CNY
878,Lisetta,Broadey,lbroadeyod@mashable.com,Female,8729.8313,BRL
879,Buddie,La Grange,blagrangeoe@elpais.com,Male,19634.4243,XAF
880,Gilligan,Chamberlayne,gchamberlayneof@chronoengine.com,Female,14866.4781,CNY
881,Glynis,Mark,gmarkog@arstechnica.com,Female,11158.336,CNY
882,Fernando,Mityashev,fmityashevoh@hubpages.com,Male,12802.4794,IRR
883,Kristine,Cahalin,kcahalinoi@1und1.de,Female,15711.4649,ILS
884,Deedee,Bukac,dbukacoj@oaic.gov.au,Female,3322.826,PHP
885,Arv,Dollard,adollardok@thetimes.co.uk,Male,15568.1262,EUR
886,Jermain,Cansdill,jcansdillol@elegantthemes.com,Male,13404.6418,RUB
887,Constanta,Royl,croylom@edublogs.org,Female,18722.774,EUR
888,Gracia,Jacqueminet,gjacquemineton@stumbleupon.com,Female,15687.6387,ARS
889,Conant,Bog,cbogoo@google.com.br,Male,9223.6612,EUR
890,Peter,Dwire,pdwireop@wp.com,Male,18111.2846,PKR
891,Coretta,Yushkov,cyushkovoq@ihg.com,Female,3542.6096,IDR
892,Larry,Chad,lchador@economist.com,Male,13351.1972,RUB
893,Benni,Ygo,bygoos@wordpress.org,Female,19167.6845,THB
894,Fey,Hallt,fhalltot@soup.io,Female,15495.6468,NAD
895,Atlanta,Sikorsky,asikorskyou@mediafire.com,Polygender,7443.813,EUR
896,Douglas,Mogenot,dmogenotov@liveinternet.ru,Male,10696.9328,EUR
897,Mandy,Gowan,mgowanow@bloglines.com,Genderqueer,5939.9121,MYR
898,Hamid,Noen,hnoenox@mapquest.com,Male,8298.4571,PHP
899,Arte,Sabathe,asabatheoy@merriam-webster.com,Male,12650.7132,PHP
900,Harrietta,Colly,hcollyoz@geocities.com,Female,13473.3649,CNY
901,Antoni,McEniry,amceniryp0@aol.com,Genderfluid,13664.4392,CNY
902,Roland,Emmanuele,remmanuelep1@forbes.com,Male,17129.1333,HRK
903,Kriste,Abela,kabelap2@freewebs.com,Genderfluid,18049.3605,EUR
904,Jessa,Limbourne,jlimbournep3@rediff.com,Female,15739.0456,EUR
905,Bryan,Goodlet,bgoodletp4@simplemachines.org,Male,7176.1623,KPW
906,Patrizius,Sowrah,psowrahp5@wunderground.com,Male,5891.5438,EGP
907,Lawry,Giacomazzo,lgiacomazzop6@cyberchimps.com,Male,11829.4458,CNY
908,Gerty,Brabin,gbrabinp7@nsw.gov.au,Female,8432.1053,PEN
909,Katharine,Markel,kmarkelp8@booking.com,Female,2072.7351,CNY
910,Amber,Fishlock,afishlockp9@bloomberg.com,Female,13836.8181,IDR
911,Adorne,Boame,aboamepa@archive.org,Female,6122.5827,IDR
912,Emerson,Camosso,ecamossopb@opera.com,Male,15454.9356,PHP
913,Vale,Weatherdon,vweatherdonpc@dion.ne.jp,Female,6632.3289,MKD
914,Gage,Marte,gmartepd@ustream.tv,Male,16419.5453,PHP
915,Richardo,Osmond,rosmondpe@sun.com,Male,2883.7045,THB
916,Petronella,Ishaki,pishakipf@twitter.com,Female,8185.5562,SEK
917,Sandra,Malkin,smalkinpg@sourceforge.net,Female,5745.2979,EUR
918,Derek,Iddons,diddonsph@technorati.com,Male,10795.6501,BOB
919,Ramsey,Phillpot,rphillpotpi@mail.ru,Male,16737.9606,ARS
920,Johnnie,Bridgwood,jbridgwoodpj@example.com,Male,7409.5504,EUR
921,Normie,Braunes,nbraunespk@yale.edu,Male,19589.5505,EUR
922,Adriano,Lambdin,alambdinpl@si.edu,Male,5137.4521,HNL
923,Ella,Duran,eduranpm@fema.gov,Female,18729.7599,EUR
924,Alia,Asprey,aaspreypn@skyrock.com,Female,19319.0337,IDR
925,Granthem,Pfaff,gpfaffpo@sciencedirect.com,Male,17959.4826,UYU
926,Whitman,Ramel,wramelpp@google.com.au,Male,19591.9897,THB
927,Maximo,Lyford,mlyfordpq@senate.gov,Male,16718.7862,RUB
928,Ebony,Edmott,eedmottpr@alibaba.com,Female,7667.4288,UZS
929,Petey,Jackett,pjackettps@icio.us,Male,3096.9072,VEF
930,Sheena,Abrahmer,sabrahmerpt@bing.com,Female,17271.2032,IDR
931,Jinny,Ellicombe,jellicombepu@mtv.com,Female,8944.6267,EUR
932,Harley,Brann,hbrannpv@slashdot.org,Female,17574.301,KZT
933,Baird,Lutty,bluttypw@rediff.com,Male,15403.828,IDR
934,Opaline,Capey,ocapeypx@1688.com,Female,12644.9637,IDR
935,Bidget,Dilon,bdilonpy@wikipedia.org,Female,3914.4747,JPY
936,Ramsey,Reay,rreaypz@plala.or.jp,Male,18255.337,CZK
937,Leon,Meere,lmeereq0@mayoclinic.com,Male,10617.4742,CNY
938,Kaiser,Annies,kanniesq1@dyndns.org,Male,8602.1089,PEN
939,Amara,Sannes,asannesq2@friendfeed.com,Female,2900.1845,AFN
940,Drucill,Whitehouse,dwhitehouseq3@yandex.ru,Female,10605.384,CNY
941,Carmel,Tolchar,ctolcharq4@fema.gov,Female,3658.9154,CNY
942,Missy,Atlay,matlayq5@issuu.com,Female,17822.7251,PHP
943,Priscella,O'Scanlon,poscanlonq6@psu.edu,Female,13473.5428,KZT
944,Lindsay,Schubuser,lschubuserq7@ebay.com,Male,8872.605,BRL
945,Dermot,Gietz,dgietzq8@mozilla.org,Male,8914.7512,CNY
946,Jenna,Jillions,jjillionsq9@abc.net.au,Female,9602.2247,ARS
947,Christian,Kiddy,ckiddyqa@amazon.co.uk,Male,16979.6337,RUB
948,Arlin,Borgnet,aborgnetqb@usgs.gov,Male,11261.678,PLN
949,Quint,McGarahan,qmcgarahanqc@nih.gov,Male,7331.3469,EUR
950,Joelly,Ellif,jellifqd@deviantart.com,Female,9670.0549,QAR
951,Martino,MacCracken,mmaccrackenqe@purevolume.com,Male,19065.1804,BDT
952,Winfred,Lebbon,wlebbonqf@engadget.com,Male,14286.5881,USD
953,Mathilde,Coraini,mcorainiqg@archive.org,Female,19183.4063,GTQ
954,Willamina,Randalson,wrandalsonqh@intel.com,Female,3387.473,EUR
955,Alameda,Gantley,agantleyqi@msu.edu,Female,11368.3768,CNY
956,Granville,Churchin,gchurchinqj@berkeley.edu,Male,9537.0399,USD
957,Jacynth,Haslewood,jhaslewoodqk@businessweek.com,Female,17651.1785,COP
958,Sybil,Rankine,srankineql@mashable.com,Female,12004.9292,CZK
959,Archibald,Calwell,acalwellqm@google.com.hk,Male,8345.5681,EUR
960,Sunny,Larder,slarderqn@auda.org.au,Male,4750.2949,GTQ
961,Osmund,Banford,obanfordqo@sourceforge.net,Male,17762.7048,XAF
962,Denny,Espinha,despinhaqp@cocolog-nifty.com,Male,15831.0104,CNY
963,Tommi,Carleman,tcarlemanqq@narod.ru,Female,5797.6092,TND
964,Casey,Baden,cbadenqr@163.com,Genderqueer,13168.9267,USD
965,Carmita,Yearnes,cyearnesqs@bluehost.com,Female,4228.9551,IDR
966,Hendrick,Jesteco,hjestecoqt@stanford.edu,Male,14236.5222,EUR
967,Tannie,Sponer,tsponerqu@wisc.edu,Male,4795.4999,KGS
968,Maddalena,McLleese,mmclleeseqv@arizona.edu,Female,7884.3624,CNY
969,Dannie,McMeyler,dmcmeylerqw@msn.com,Male,19776.2799,JPY
970,Jedd,McTeggart,jmcteggartqx@shop-pro.jp,Male,4983.505,CNY
971,Denice,Bibbie,dbibbieqy@godaddy.com,Genderfluid,6585.3479,CNY
972,Gerianne,Delafont,gdelafontqz@webs.com,Female,15808.7081,CNY
973,Kelly,Dalgliesh,kdalglieshr0@odnoklassniki.ru,Male,16869.5267,SEK
974,Mill,Anthonies,manthoniesr1@netvibes.com,Male,17735.848,SEK
975,Romeo,Melliard,rmelliardr2@wufoo.com,Male,16167.0947,CNY
976,Eula,Banner,ebannerr3@webs.com,Female,8738.8626,BAM
977,Timmy,Elflain,telflainr4@hc360.com,Female,3793.218,IDR
978,Lira,Wayland,lwaylandr5@altervista.org,Female,15744.9552,MDL
979,Austin,Warlton,awarltonr6@miibeian.gov.cn,Male,2869.6467,PHP
980,Celesta,Kiledal,ckiledalr7@webmd.com,Female,14738.0504,CNY
981,Nady,Le Strange,nlestranger8@people.com.cn,Female,12855.6335,EUR
982,Elsi,Maso,emasor9@google.co.uk,Female,10910.7456,IDR
983,Kristos,Goozee,kgoozeera@imdb.com,Male,2577.1996,IDR
984,Jewelle,Moscone,jmosconerb@economist.com,Female,17010.6824,SEK
985,Quill,Gallagher,qgallagherrc@umn.edu,Male,7422.018,EUR
986,Queenie,Gaither,qgaitherrd@craigslist.org,Female,8581.0939,CZK
987,Benedetta,Sawer,bsawerre@bloglines.com,Female,11374.2191,IDR
988,Mariele,MacColm,mmaccolmrf@ebay.com,Bigender,7160.9641,PHP
989,Forester,Bleything,fbleythingrg@pinterest.com,Male,19631.6693,GNF
990,Drucy,Rigge,driggerh@elegantthemes.com,Female,2819.9477,SSP
991,Deni,Croutear,dcroutearri@furl.net,Female,9268.4477,EUR
992,Keven,Kirmond,kkirmondrj@pcworld.com,Male,12165.6973,LAK
993,Aubrey,Rossey,arosseyrk@parallels.com,Female,4013.303,NGN
994,Wolfgang,Dowyer,wdowyerrl@phpbb.com,Male,14479.1942,KRW
995,Duky,Heckner,dhecknerrm@t-online.de,Male,13004.2029,IDR
996,Herman,Hendonson,hhendonsonrn@naver.com,Male,18518.299,IDR
997,Artemas,Nicely,anicelyro@tmall.com,Male,5126.0843,CNY
998,Ella,Gregon,egregonrp@com.com,Female,10594.794,MXN
999,Rici,Ivatts,rivattsrq@tuttocitta.it,Female,7346.3492,COP
1000,Warner,Seivwright,wseivwrightrr@noaa.gov,Agender,3031.0146,ARS